NumberOfPixels,BoundingBoxTopLeftX,BoundingBoxTopLeftY,BoundingBoxBottomRightX,BoundingBoxBottomRightY,PhysicalSize,NumberOfPixelsOnBorder,FeretDiameter,PrincipalMoments0,PrincipalMoments1,Elongation,Perimeter,Roundness,EquivalentSphericalRadius,EquivalentSphericalPerimeter,EquivalentEllipsoidDiameter0,EquivalentEllipsoidDiameter1,Flatness,MeanR,MeanG,MeanB,StdR,StdG,StdB,Polygon
67,161,279,170,288,67,0,0,5.03585,5.83561,1.07648,29.6873,0.9774,4.61809,29.0163,8.90203,9.58288,1.07648,126.493,67.6269,140.269,24.1614,17.7275,17.4352,[165:280:162:287:169:288:170:281]
58,356,351,365,360,58,0,0,3.96086,5.4461,1.1726,28.0212,0.963458,4.29674,26.9972,7.93588,9.30557,1.1726,100.845,62.2414,133.586,33.1427,27.0863,27.7936,[363:352:359:352:358:359:364:358]
271,359,222,371,253,271,0,0,7.74382,60.7074,2.7999,70.9813,0.82214,9.28773,58.3565,11.1012,31.0822,2.7999,145.144,88.6162,156.266,28.7723,26.1729,20.396,[370:223:365:223:361:232:360:242:364:253:371:239]
666,154,229,186,259,666,0,0,35.6341,81.0705,1.50834,97.011,0.94302,14.56,91.4833,23.7106,35.7636,1.50834,168.572,107.979,171.968,30.4883,28.2968,20.721,[186:235:180:230:161:235:155:249:157:256:171:259:183:247]
846,136,216,189,248,846,0,0,31.182,195.903,2.50651,133.077,0.774797,16.4101,103.107,20.7303,51.9607,2.50651,153.24,86.8463,157.259,29.7136,22.8626,19.0748,[189:219:177:217:149:220:138:231:137:237:151:248:163:232:172:232]
145,323,29,335,45,145,0,0,8.46862,16.5057,1.39608,45.5463,0.937207,6.79374,42.6863,11.4996,16.0544,1.39608,136.903,74.2,146.662,23.5232,17.0033,15.724,[332:30:327:30:324:34:327:45:335:41]
535,268,460,285,500,535,13,0,16.3155,117.63,2.68509,100.764,0.813724,13.0497,81.994,15.9277,42.7672,2.68509,171.467,103.596,169.262,25.3622,20.5972,14.9267,[279:461:273:464:269:486:270:500:283:498:285:468]
1348,45,313,78,383,1348,0,0,43.4301,341.405,2.80375,183.391,0.709694,20.7143,130.152,24.7417,69.3697,2.80375,144.731,81.2166,150.869,34.6179,28.0095,22.4857,[63:314:52:321:57:336:53:354:46:366:47:371:51:373:52:383:65:382:67:377:63:360:74:359:78:351:73:326]
795,61,429,90,472,795,0,0,47.6382,95.0394,1.41245,123.691,0.80807,15.9077,99.9513,26.7702,37.8117,1.41245,114.914,58.2742,129.741,37.4993,23.6295,23.235,[78:430:62:441:62:467:71:463:75:472:78:470:79:460:90:451:89:443]
878,296,77,324,123,878,0,0,40.609,132.143,1.80389,126.238,0.832073,16.7175,105.039,24.8941,44.9063,1.80389,150.272,87.6162,156.683,30.2513,22.9903,18.4043,[298:81:298:107:312:122:324:123:320:114:322:103:319:85:312:78:308:83]
329,435,221,452,251,329,0,0,13.4121,54.448,2.01485,75.7889,0.848393,10.2335,64.2988,14.4189,29.0519,2.01485,162.462,97.076,163.264,32.1571,24.1884,17.0319,[446:222:438:231:436:246:445:251:447:242:452:238:450:223]
563,137,383,158,422,563,0,0,24.1059,91.9787,1.95336,97.8917,0.859237,13.3869,84.1122,19.1566,37.4197,1.95336,161.492,94.087,161.259,32.258,28.4179,21.92,[145:384:141:385:138:391:140:422:148:418:158:398:153:387]
1025,108,363,139,412,1025,0,0,47.0775,147.151,1.76797,128.039,0.886389,18.0629,113.492,27.1694,48.0346,1.76797,167.924,101.818,167.049,28.4328,23.673,18.731,[116:364:112:377:113:386:109:391:119:410:125:412:133:409:139:387:137:378:124:365]
270,327,153,344,185,270,0,0,6.725,73.5444,3.30696,79.2559,0.734946,9.27058,58.2488,10.1958,33.7172,3.30696,157.337,87.1333,157.985,30.0338,28.1198,21.8089,[342:154:328:178:330:184:335:185:336:179:341:176:344:165]
874,71,200,103,248,874,0,0,28.4521,181.373,2.52481,126.698,0.827161,16.6794,104.8,20.994,53.0061,2.52481,181.614,113.538,176.961,37.8802,39.2887,27.2887,[75:201:72:205:85:244:92:248:99:246:103:235:91:206]
1225,255,355,283,421,1225,0,0,39.1954,258.705,2.56913,165.081,0.751582,19.7466,124.072,24.6394,63.3018,2.56913,177.403,109.059,172.858,25.4533,22.7136,17.8457,[267:356:261:360:264:364:257:370:256:387:258:399:267:410:264:416:271:421:278:418:282:412:283:392:276:384:275:366:270:363:271:359:268:360]
546,209,465,233,500,546,20,0,24.6626,92.2572,1.93411,105.341,0.786325,13.1832,82.8326,18.9588,36.6684,1.93411,151.429,84.0092,152.676,28.9576,22.621,18.3392,[232:467:227:466:221:477:214:476:214:491:210:499:231:500:229:494]
1925,365,410,399,500,1925,28,0,52.6746,612.208,3.40917,246.423,0.631159,24.7537,155.532,26.813,91.4102,3.40917,149.606,89.0114,156.082,42.6311,34.6334,27.2999,[374:411:369:424:371:459:366:481:369:500:396:500:396:496:382:476:386:473:395:477:399:470:398:463:387:452:391:430:384:423:383:412]
477,174,400,200,435,477,0,0,24.6195,74.7937,1.74298,101.589,0.762112,12.3221,77.422,18.6667,32.5358,1.74298,148.036,83.9119,152.983,34.4183,26.9473,22.1846,[191:401:186:402:184:409:175:414:179:422:176:425:181:427:180:435:185:435:190:422:200:414]
596,198,449,220,500,596,7,0,14.2636,214.698,3.87971,143.629,0.602542,13.7736,86.5422,13.9855,54.2598,3.87971,133.44,75.5017,146.968,36.8869,25.1296,22.5089,[212:450:206:451:205:480:202:480:199:471:202:486:199:496:203:500:209:500:213:491:213:467:220:456]
262,122,418,137,443,262,0,0,11.544,43.2573,1.93576,68.5298,0.837291,9.13221,57.3793,13.1274,25.4116,1.93576,141.656,78.729,150.057,27.1731,20.4738,19.4613,[131:419:125:429:123:441:134:443:137:440:135:419]
170,115,440,129,456,170,0,0,12.3482,14.9718,1.10112,47.9978,0.96296,7.35613,46.2199,14.0205,15.4382,1.10112,139.459,77.8706,151.959,27.1265,17.1966,13.4161,[122:441:116:450:120:456:126:456:129:447]
55,390,49,404,58,55,0,0,2.38557,14.7886,2.48982,36.391,0.722423,4.18414,26.2897,5.30338,13.2044,2.48982,142.127,86.6182,155.036,20.8257,18.8299,12.9783,[404:50:398:55:391:55:401:57]
689,389,57,408,105,689,0,0,19.8672,163.748,2.87091,119.534,0.778434,14.8093,93.0496,17.4805,50.1851,2.87091,146.756,81.8345,151.361,35.1121,23.8338,20.2415,[398:58:392:61:390:72:394:99:398:105:402:105:407:98:408:83:404:76:408:70:405:60]
766,265,247,289,313,766,0,0,19.8893,338.76,4.12701,161.749,0.606567,15.6149,98.1114,15.3727,63.4435,4.12701,148.886,81.6266,152.057,31.8455,21.0638,17.1154,[277:248:266:257:272:275:266:292:266:301:276:313:276:294:280:285:276:268:289:261:286:252]
256,0,466,14,492,256,18,0,11.8748,40.0119,1.83561,66.0783,0.858353,9.02703,56.7185,13.3255,24.4605,1.83561,155.867,95.3281,160.996,36.8315,31.4419,24.4338,[6:467:2:467:1:492:14:482:11:471]
290,243,472,262,500,290,8,0,13.8304,58.4005,2.0549,110.189,0.547857,9.6078,60.3676,13.4047,27.5454,2.0549,140.817,79.031,147.772,36.5568,31.8734,27.458,[247:473:250:482:244:480:251:490:251:500:258:500:261:495:258:489:262:480:254:474:257:479:255:483:251:473]
202,31,466,50,484,202,0,0,11.0458,30.1027,1.65084,61.1753,0.823577,8.01864,50.3826,12.4818,20.6055,1.65084,143.465,82.6287,153.114,31.2903,19.5589,15.5169,[32:468:44:484:50:482:48:468]
405,52,141,80,174,405,0,0,21.03,64.8158,1.75558,110.744,0.644188,11.3541,71.3399,17.1385,30.088,1.75558,137.847,74.5235,145.573,25.3814,19.8155,17.6846,[71:142:67:153:53:162:60:163:61:174:75:165:80:153:77:146:74:147:77:150:72:151]
550,188,345,225,371,550,0,0,37.8986,69.1588,1.35087,108.618,0.765394,13.2314,83.1355,22.7683,30.7569,1.35087,154.136,83.5309,155.136,26.9327,18.8406,16.4325,[225:356:223:346:219:352:214:347:189:349:206:371:211:371:213:365]
101,264,235,276,248,101,0,0,5.45394,12.3,1.50175,37.9618,0.938465,5.67004,35.6259,9.25373,13.8968,1.50175,128.168,62.5743,135.248,17.3531,9.38014,10.037,[273:236:269:237:266:247:270:248:275:244]
330,264,127,285,162,330,0,0,7.46915,103.042,3.71426,92.9888,0.692519,10.249,64.3964,10.6359,39.5046,3.71426,113.873,63.6939,134.97,40.8429,28.7267,26.5721,[265:129:268:142:275:150:274:156:278:162:285:161:282:147:278:146:278:138:272:130]
167,444,145,458,163,167,0,0,9.58141,20.7457,1.47146,51.2347,0.894127,7.29094,45.8103,12.0209,17.6884,1.47146,145.228,83.5629,152.216,29.9226,20.1707,18.0532,[455:146:451:146:445:153:447:163:449:159:458:157]
278,311,122,327,145,278,0,0,15.2853,34.2908,1.49779,66.8637,0.883969,9.40692,59.1054,15.3727,23.0252,1.49779,99.4029,51.6511,123.453,44.517,26.5144,25.8335,[314:123:312:138:317:144:323:145:327:139:325:125]
710,328,241,348,295,710,0,0,19.2953,184.345,3.09094,131.236,0.719747,15.0333,94.457,17.1017,52.8603,3.09094,108.594,55.3662,125.41,41.7021,25.9538,27.9448,[342:242:335:243:336:256:329:277:331:287:336:287:336:295:346:288:348:261]
266,237,401,253,423,266,0,0,17.6289,27.6148,1.25158,62.8414,0.920025,9.20165,57.8157,16.45,20.5885,1.25158,140.553,67.8233,141.556,26.8974,15.3013,13.5912,[246:402:238:410:238:421:245:420:250:423:253:410:251:404]
427,315,52,336,81,427,0,0,20.2437,57.9494,1.69192,78.7005,0.930768,11.6584,73.2519,17.9258,30.3291,1.69192,94.267,46.2974,119.173,32.2636,19.9578,17.8673,[330:53:325:53:316:70:317:77:323:81:329:79:336:66:336:59]
601,213,276,246,304,601,0,0,31.5693,77.8613,1.57047,96.781,0.89795,13.8313,86.9045,22.0738,34.6662,1.57047,122.865,65.5358,137.857,40.1114,25.6665,23.6856,[244:281:234:278:218:290:214:299:233:304:240:298:246:298]
213,25,431,49,452,213,0,0,8.94052,40.7233,2.13422,69.4499,0.744943,8.23408,51.7362,11.2726,24.0583,2.13422,150.113,84.2207,154.056,22.3547,15.7993,14.4374,[26:435:48:452:47:438:38:432:33:436]
1166,48,94,95,130,1166,0,0,52.0825,168.174,1.79694,129.61,0.933934,19.2652,121.047,28.7434,51.6501,1.79694,169.34,96.6235,166.048,29.7191,22.8181,18.1557,[94:100:89:95:70:100:50:115:50:125:55:129:64:130:85:124:95:113]
183,76,413,97,425,183,0,0,7.47126,29.3718,1.98275,53.9162,0.889429,7.63222,47.9546,10.8404,21.4939,1.98275,117.617,67.8634,137.978,33.779,21.9696,20.8796,[77:416:85:425:95:425:97:422:96:418:88:414]
769,16,115,43,156,769,0,0,36.3496,109.76,1.73769,107.832,0.911631,15.6455,98.3033,23.7373,41.2482,1.73769,143.577,79.7945,151.821,25.2437,20.5861,16.5157,[33:116:26:118:17:148:23:156:31:155:43:142:38:120]
282,434,114,447,143,282,0,0,9.39379,54.889,2.41725,69.6405,0.854806,9.47435,59.5291,12.1876,29.4605,2.41725,132.309,80.9362,148.706,30.5021,33.067,25.3875,[439:115:435:137:442:143:446:134:447:119:446:116]
884,138,98,165,137,884,0,0,46.8647,108.129,1.51897,110.935,0.950089,16.7746,105.398,27.2212,41.3481,1.51897,161.118,98.6097,164.473,27.7151,26.8114,19.1305,[158:100:149:99:140:105:139:123:142:137:159:136:164:129:165:115]
111,360,208,372,222,111,0,0,6.61856,12.7101,1.38577,40.4133,0.924149,5.94411,37.3479,10.0988,13.9947,1.38577,118.333,63.6937,135.505,25.4574,22.9864,22.6397,[366:209:361:220:363:222:369:221:372:215]
417,335,293,353,326,417,0,0,17.3742,69.2365,1.99625,83.2781,0.869245,11.5211,72.3891,16.3085,32.556,1.99625,125.23,73.2446,143.957,35.7169,21.8213,18.5271,[344:294:338:298:336:305:341:311:339:323:347:326:353:317:353:305]
346,289,252,312,277,346,0,0,23.9763,34.9318,1.20703,73.7975,0.893514,10.4945,65.9391,19.1044,23.0597,1.20703,96.8642,52.3988,119.887,46.9342,32.5336,33.6849,[299:253:290:260:295:275:302:277:312:263]
116,156,56,173,70,116,0,0,5.07844,21.264,2.04624,47.1171,0.810317,6.07651,38.1798,8.49582,17.3845,2.04624,137.509,83.569,148.44,30.5124,24.7408,22.265,[173:60:168:57:157:70:171:67]
405,200,81,227,103,405,0,0,28.5501,38.1484,1.15594,75.1383,0.949448,11.3541,71.3399,21.121,24.4146,1.15594,125.133,74.6049,145.212,32.8933,25.106,20.8709,[210:82:202:87:201:92:206:103:215:103:227:90:215:82]
629,32,183,57,219,629,0,0,26.9332,94.0128,1.86831,96.2256,0.923931,14.1498,88.9058,20.7041,38.6816,1.86831,92.9666,47.5533,117.836,36.5801,24.9463,25.1516,[40:184:33:192:37:209:45:219:54:218:57:209:53:195:45:184]
401,439,271,456,301,401,0,0,17.6365,58.7001,1.82437,76.5743,0.92703,11.2979,70.9867,16.729,30.52,1.82437,106.613,55.409,126.297,43.3462,23.8816,22.5044,[444:272:440:278:442:297:450:301:455:295:456:284:452:275]
81,282,450,290,462,81,0,0,4.43377,9.63085,1.47382,33.4795,0.952947,5.07771,31.9042,8.36517,12.3288,1.47382,116.79,68.6296,143.086,40.2329,25.3487,21.4299,[284:451:283:459:288:462:290:452]
410,236,424,253,454,410,0,0,18.3955,58.8692,1.78891,77.6851,0.923973,11.424,71.7789,17.0826,30.5591,1.78891,101.495,55.0976,126.81,43.98,26.6401,25.5501,[244:425:237:430:237:445:243:453:250:454:253:435:249:426]
376,117,459,136,490,376,0,0,14.43,64.2363,2.10988,79.2559,0.867296,10.94,68.7383,15.0633,31.7817,2.10988,97.0691,55.9202,123.835,46.74,33.4954,31.1411,[121:460:118:465:124:488:128:490:136:479:128:460]
557,69,289,93,327,557,0,0,20.0217,101.544,2.25204,97.011,0.862405,13.3154,83.6628,17.7458,39.9642,2.25204,108.932,58.3106,131.704,40.3197,27.0512,28.0212,[75:290:71:293:71:306:82:326:89:326:93:320:90:305:84:295]
423,215,52,239,76,423,0,0,29.9739,38.3458,1.13106,74.9083,0.973297,11.6037,72.908,21.8214,24.6813,1.13106,125.388,68.1489,138.643,40.2826,27.7525,24.0216,[225:53:218:60:216:69:221:74:229:76:235:73:239:59:236:55]
